{
    "Binance": {
        "testnet":{
            "chainId": "0x61",
            "chainName": "BSC Testnet",
            "rpcUrls": "https://data-seed-prebsc-1-s1.binance.org:8545/",
            "nativeCurrency": "BNB",
            "blockExplorerUrls": "https://testnet.bscscan.com/"
        },
        
        "mainnet":{
            "chainId": "0x38",
            "chainName": "BSC Mainnet",
            "rpcUrls": "https://bsc-dataseed1.binance.org/",
            "nativeCurrency": "BNB",
            "blockExplorerUrls": "https://bscscan.com/",
            "contract": "0x4eF5C8ff495D88D22e6D8701F13d1E170cA44e8B"
        }
    },
    "Ethereum": {
        "testnet":{
            "chainId": "0x3",
            "chainName": "ropsten",
            "rpcUrls": "https://ropsten.infura.io/v3/c7a2fce18a804eb5b0c1aa20a7f5af1e",
            "nativeCurrency": "ETH",
            "blockExplorerUrls": "https://ropsten.etherscan.io/",
            "contract": "0x54517fb1949dAF335856303Bc361BdeAA5E02853"
        },
        
        "mainnet":{
            "chainId": 1,
            "chainName": "Ethereum",
            "rpcUrls": "https://mainnet.infura.io/v3/c7a2fce18a804eb5b0c1aa20a7f5af1e",
            "nativeCurrency": "ETH",
            "blockExplorerUrls": "https://etherscan.io"
        }
    },
    "Polygon": {
        "testnet":{
            "chainId": "0x89",
            "chainName": "Polygon",
            "rpcUrls": "https://polygon-rpc.com",
            "nativeCurrency": "MATIC",
            "blockExplorerUrls": "https://polygonscan.com/",
            "contract": "0x09AdcBb0469444c8128BC9810cbFe5FF59CaE791"
        },
        
        "mainnet":{
            "chainId": 1,
            "chainName": "BSC Mainnet",
            "rpcUrls": "https://mainnet.infura.io/v3/c7a2fce18a804eb5b0c1aa20a7f5af1e",
            "nativeCurrency": "ETH",
            "blockExplorerUrls": "https://etherscan.io"
        }
    }
}